t, value
0, 6.95165e-310
0.01, 4.98333e-05
0.02, 0.000198667
0.03, 0.0004455
0.04, 0.000789334
0.05, 0.00122917
0.06, 0.00176401
0.07, 0.00239285
0.08, 0.00311469
0.09, 0.00392855
0.1, 0.00483342
0.11, 0.0058283
0.12, 0.0069122
0.13, 0.00808414
0.14, 0.0093431
0.15, 0.0106881
0.16, 0.0121182
0.17, 0.0136323
0.18, 0.0152295
0.19, 0.0169088
0.2, 0.0186692
0.21, 0.0205098
0.22, 0.0224295
0.23, 0.0244273
0.24, 0.0265024
0.25, 0.0286536
0.26, 0.0308801
0.27, 0.0331809
0.28, 0.035555
0.29, 0.0380014
0.3, 0.0405192
0.31, 0.0431075
0.32, 0.0457651
0.33, 0.0484913
0.34, 0.0512851
0.35, 0.0541454
0.36, 0.0570714
0.37, 0.0600621
0.38, 0.0631165
0.39, 0.0662338
0.4, 0.069413
0.41, 0.0726531
0.42, 0.0759533
0.43, 0.0793126
0.44, 0.0827301
0.45, 0.0862048
0.46, 0.0897359
0.47, 0.0933224
0.48, 0.0969634
0.49, 0.100658
0.5, 0.104405
0.51, 0.108205
0.52, 0.112055
0.53, 0.115955
0.54, 0.119904
0.55, 0.123902
0.56, 0.127947
0.57, 0.132039
0.58, 0.136176
0.59, 0.140358
0.6, 0.144584
0.61, 0.148853
0.62, 0.153164
0.63, 0.157516
0.64, 0.161909
0.65, 0.166342
0.66, 0.170814
0.67, 0.175323
0.68, 0.17987
0.69, 0.184453
0.7, 0.189072
0.71, 0.193725
0.72, 0.198413
0.73, 0.203133
0.74, 0.207886
0.75, 0.21267
0.76, 0.217485
0.77, 0.22233
0.78, 0.227204
0.79, 0.232107
0.8, 0.237037
0.81, 0.241994
0.82, 0.246977
0.83, 0.251986
0.84, 0.257019
0.85, 0.262076
0.86, 0.267156
0.87, 0.272258
0.88, 0.277382
0.89, 0.282527
0.9, 0.287692
0.91, 0.292877
0.92, 0.29808
0.93, 0.303302
0.94, 0.308541
0.95, 0.313796
0.96, 0.319068
0.97, 0.324354
0.98, 0.329656
0.99, 0.334971
1, 0.3403
1.01, 0.345641
1.02, 0.350994
1.03, 0.356359
1.04, 0.361734
1.05, 0.367119
1.06, 0.372514
1.07, 0.377917
1.08, 0.383329
1.09, 0.388748
1.1, 0.394174
1.11, 0.399606
1.12, 0.405044
1.13, 0.410487
1.14, 0.415934
1.15, 0.421386
1.16, 0.426841
1.17, 0.432298
1.18, 0.437758
1.19, 0.443219
1.2, 0.448681
1.21, 0.454144
1.22, 0.459607
1.23, 0.465069
1.24, 0.47053
1.25, 0.47599
1.26, 0.481447
1.27, 0.486902
1.28, 0.492353
1.29, 0.497801
1.3, 0.503244
1.31, 0.508683
1.32, 0.514116
1.33, 0.519544
1.34, 0.524965
1.35, 0.53038
1.36, 0.535788
1.37, 0.541188
1.38, 0.54658
1.39, 0.551963
1.4, 0.557338
1.41, 0.562703
1.42, 0.568058
1.43, 0.573403
1.44, 0.578737
1.45, 0.58406
1.46, 0.589371
1.47, 0.59467
1.48, 0.599957
1.49, 0.605232
1.5, 0.610493
1.51, 0.61574
1.52, 0.620973
1.53, 0.626192
1.54, 0.631397
1.55, 0.636586
1.56, 0.64176
1.57, 0.646918
1.58, 0.652059
1.59, 0.657184
1.6, 0.662293
1.61, 0.667384
1.62, 0.672457
1.63, 0.677513
1.64, 0.68255
1.65, 0.687569
1.66, 0.692569
1.67, 0.69755
1.68, 0.702511
1.69, 0.707453
1.7, 0.712374
1.71, 0.717276
1.72, 0.722156
1.73, 0.727016
1.74, 0.731854
1.75, 0.736671
1.76, 0.741466
1.77, 0.74624
1.78, 0.750991
1.79, 0.755719
1.8, 0.760425
1.81, 0.765108
1.82, 0.769767
1.83, 0.774404
1.84, 0.779016
1.85, 0.783604
1.86, 0.788169
1.87, 0.792709
1.88, 0.797224
1.89, 0.801715
1.9, 0.806181
1.91, 0.810622
1.92, 0.815037
1.93, 0.819427
1.94, 0.823791
1.95, 0.828129
1.96, 0.832441
1.97, 0.836727
1.98, 0.840987
1.99, 0.845219
2, 0.849426
2.01, 0.853605
2.02, 0.857757
2.03, 0.861882
2.04, 0.86598
2.05, 0.870051
2.06, 0.874094
2.07, 0.878109
2.08, 0.882096
2.09, 0.886055
2.1, 0.889987
2.11, 0.89389
2.12, 0.897765
2.13, 0.901611
2.14, 0.905429
2.15, 0.909219
2.16, 0.912979
2.17, 0.916711
2.18, 0.920414
2.19, 0.924089
2.2, 0.927734
2.21, 0.93135
2.22, 0.934937
2.23, 0.938495
2.24, 0.942023
2.25, 0.945522
2.26, 0.948992
2.27, 0.952432
2.28, 0.955843
2.29, 0.959224
2.3, 0.962576
2.31, 0.965898
2.32, 0.969191
2.33, 0.972453
2.34, 0.975686
2.35, 0.978889
2.36, 0.982063
2.37, 0.985206
2.38, 0.98832
2.39, 0.991404
2.4, 0.994459
2.41, 0.997483
2.42, 1.00048
2.43, 1.00344
2.44, 1.00638
2.45, 1.00928
2.46, 1.01216
2.47, 1.015
2.48, 1.01782
2.49, 1.0206
2.5, 1.02336
2.51, 1.02609
2.52, 1.02878
2.53, 1.03145
2.54, 1.03409
2.55, 1.03669
2.56, 1.03927
2.57, 1.04182
2.58, 1.04434
2.59, 1.04683
2.6, 1.04929
2.61, 1.05172
2.62, 1.05412
2.63, 1.05649
2.64, 1.05883
2.65, 1.06115
2.66, 1.06343
2.67, 1.06569
2.68, 1.06791
2.69, 1.07011
2.7, 1.07228
2.71, 1.07442
2.72, 1.07653
2.73, 1.07861
2.74, 1.08067
2.75, 1.08269
2.76, 1.08469
2.77, 1.08666
2.78, 1.0886
2.79, 1.09051
2.8, 1.0924
2.81, 1.09425
2.82, 1.09608
2.83, 1.09788
2.84, 1.09966
2.85, 1.1014
2.86, 1.10312
2.87, 1.10481
2.88, 1.10648
2.89, 1.10811
2.9, 1.10972
2.91, 1.1113
2.92, 1.11286
2.93, 1.11439
2.94, 1.11589
2.95, 1.11737
2.96, 1.11882
2.97, 1.12024
2.98, 1.12164
2.99, 1.12301
3, 1.12435
3.01, 1.12567
3.02, 1.12697
3.03, 1.12824
3.04, 1.12948
3.05, 1.1307
3.06, 1.13189
3.07, 1.13306
3.08, 1.1342
3.09, 1.13532
3.1, 1.13641
3.11, 1.13748
3.12, 1.13853
3.13, 1.13955
3.14, 1.14054
3.15, 1.14152
3.16, 1.14246
3.17, 1.14339
3.18, 1.14429
3.19, 1.14517
3.2, 1.14603
3.21, 1.14686
3.22, 1.14767
3.23, 1.14845
3.24, 1.14922
3.25, 1.14996
3.26, 1.15068
3.27, 1.15138
3.28, 1.15205
3.29, 1.1527
3.3, 1.15334
3.31, 1.15395
3.32, 1.15453
3.33, 1.1551
3.34, 1.15565
3.35, 1.15617
3.36, 1.15668
3.37, 1.15716
3.38, 1.15763
3.39, 1.15807
3.4, 1.15849
3.41, 1.15889
3.42, 1.15928
3.43, 1.15964
3.44, 1.15999
3.45, 1.16031
3.46, 1.16062
3.47, 1.1609
3.48, 1.16117
3.49, 1.16142
3.5, 1.16165
3.51, 1.16186
3.52, 1.16206
3.53, 1.16223
3.54, 1.16239
3.55, 1.16253
3.56, 1.16265
3.57, 1.16276
3.58, 1.16285
3.59, 1.16292
3.6, 1.16297
3.61, 1.16301
3.62, 1.16303
3.63, 1.16303
3.64, 1.16302
3.65, 1.16299
3.66, 1.16295
3.67, 1.16289
3.68, 1.16281
3.69, 1.16272
3.7, 1.16262
3.71, 1.1625
3.72, 1.16236
3.73, 1.16221
3.74, 1.16204
3.75, 1.16186
3.76, 1.16167
3.77, 1.16146
3.78, 1.16124
3.79, 1.161
3.8, 1.16075
3.81, 1.16049
3.82, 1.16021
3.83, 1.15992
3.84, 1.15962
3.85, 1.1593
3.86, 1.15897
3.87, 1.15863
3.88, 1.15828
3.89, 1.15791
3.9, 1.15753
3.91, 1.15714
3.92, 1.15674
3.93, 1.15633
3.94, 1.1559
3.95, 1.15547
3.96, 1.15502
3.97, 1.15456
3.98, 1.15409
3.99, 1.15361
4, 1.15312
4.01, 1.15262
4.02, 1.15211
4.03, 1.15159
4.04, 1.15106
4.05, 1.15052
4.06, 1.14997
4.07, 1.14941
4.08, 1.14884
4.09, 1.14826
4.1, 1.14768
4.11, 1.14708
4.12, 1.14648
4.13, 1.14586
4.14, 1.14524
4.15, 1.14461
4.16, 1.14398
4.17, 1.14333
4.18, 1.14268
4.19, 1.14201
4.2, 1.14135
4.21, 1.14067
4.22, 1.13999
4.23, 1.1393
4.24, 1.1386
4.25, 1.13789
4.26, 1.13718
4.27, 1.13646
4.28, 1.13574
4.29, 1.13501
4.3, 1.13427
4.31, 1.13353
4.32, 1.13278
4.33, 1.13203
4.34, 1.13127
4.35, 1.1305
4.36, 1.12973
4.37, 1.12895
4.38, 1.12817
4.39, 1.12739
4.4, 1.1266
4.41, 1.1258
4.42, 1.125
4.43, 1.12419
4.44, 1.12339
4.45, 1.12257
4.46, 1.12175
4.47, 1.12093
4.48, 1.12011
4.49, 1.11928
4.5, 1.11845
4.51, 1.11761
4.52, 1.11677
4.53, 1.11593
4.54, 1.11508
4.55, 1.11423
4.56, 1.11338
4.57, 1.11253
4.58, 1.11167
4.59, 1.11081
4.6, 1.10995
4.61, 1.10908
4.62, 1.10821
4.63, 1.10734
4.64, 1.10647
4.65, 1.1056
4.66, 1.10472
4.67, 1.10385
4.68, 1.10297
4.69, 1.10209
4.7, 1.10121
4.71, 1.10033
4.72, 1.09944
4.73, 1.09856
4.74, 1.09767
4.75, 1.09678
4.76, 1.0959
4.77, 1.09501
4.78, 1.09412
4.79, 1.09323
4.8, 1.09234
4.81, 1.09145
4.82, 1.09056
4.83, 1.08967
4.84, 1.08878
4.85, 1.08789
4.86, 1.087
4.87, 1.08611
4.88, 1.08522
4.89, 1.08433
4.9, 1.08344
4.91, 1.08255
4.92, 1.08166
4.93, 1.08077
4.94, 1.07989
4.95, 1.079
4.96, 1.07812
4.97, 1.07723
4.98, 1.07635
4.99, 1.07547
5, 1.07459
5.01, 1.07371
5.02, 1.07283
5.03, 1.07196
5.04, 1.07108
5.05, 1.07021
5.06, 1.06934
5.07, 1.06847
5.08, 1.0676
5.09, 1.06674
5.1, 1.06588
5.11, 1.06501
5.12, 1.06415
5.13, 1.0633
5.14, 1.06244
5.15, 1.06159
5.16, 1.06074
5.17, 1.05989
5.18, 1.05905
5.19, 1.0582
5.2, 1.05736
5.21, 1.05653
5.22, 1.05569
5.23, 1.05486
5.24, 1.05403
5.25, 1.0532
5.26, 1.05238
5.27, 1.05156
5.28, 1.05074
5.29, 1.04993
5.3, 1.04911
5.31, 1.04831
5.32, 1.0475
5.33, 1.0467
5.34, 1.0459
5.35, 1.04511
5.36, 1.04432
5.37, 1.04353
5.38, 1.04274
5.39, 1.04196
5.4, 1.04119
5.41, 1.04041
5.42, 1.03964
5.43, 1.03888
5.44, 1.03811
5.45, 1.03735
5.46, 1.0366
5.47, 1.03585
5.48, 1.0351
5.49, 1.03436
5.5, 1.03362
5.51, 1.03288
5.52, 1.03215
5.53, 1.03142
5.54, 1.0307
5.55, 1.02998
5.56, 1.02927
5.57, 1.02856
5.58, 1.02785
5.59, 1.02715
5.6, 1.02645
5.61, 1.02576
5.62, 1.02507
5.63, 1.02438
5.64, 1.0237
5.65, 1.02303
5.66, 1.02236
5.67, 1.02169
5.68, 1.02103
5.69, 1.02037
5.7, 1.01972
5.71, 1.01907
5.72, 1.01842
5.73, 1.01778
5.74, 1.01715
5.75, 1.01652
5.76, 1.01589
5.77, 1.01527
5.78, 1.01465
5.79, 1.01404
5.8, 1.01343
5.81, 1.01283
5.82, 1.01223
5.83, 1.01164
5.84, 1.01105
5.85, 1.01047
5.86, 1.00989
5.87, 1.00931
5.88, 1.00875
5.89, 1.00818
5.9, 1.00762
5.91, 1.00707
5.92, 1.00652
5.93, 1.00597
5.94, 1.00543
5.95, 1.00489
5.96, 1.00436
5.97, 1.00384
5.98, 1.00332
5.99, 1.0028
6, 1.00229
6.01, 1.00178
6.02, 1.00128
6.03, 1.00078
6.04, 1.00029
6.05, 0.999806
6.06, 0.999323
6.07, 0.998846
6.08, 0.998374
6.09, 0.997906
6.1, 0.997443
6.11, 0.996986
6.12, 0.996533
6.13, 0.996084
6.14, 0.995641
6.15, 0.995203
6.16, 0.994769
6.17, 0.99434
6.18, 0.993916
6.19, 0.993497
6.2, 0.993083
6.21, 0.992673
6.22, 0.992269
6.23, 0.991869
6.24, 0.991474
6.25, 0.991083
6.26, 0.990698
6.27, 0.990317
6.28, 0.989941
6.29, 0.98957
6.3, 0.989203
6.31, 0.988841
6.32, 0.988484
6.33, 0.988132
6.34, 0.987784
6.35, 0.987441
6.36, 0.987102
6.37, 0.986769
6.38, 0.986439
6.39, 0.986115
6.4, 0.985795
6.41, 0.98548
6.42, 0.985169
6.43, 0.984863
6.44, 0.984561
6.45, 0.984264
6.46, 0.983972
6.47, 0.983684
6.48, 0.9834
6.49, 0.983121
6.5, 0.982846
6.51, 0.982576
6.52, 0.982311
6.53, 0.982049
6.54, 0.981792
6.55, 0.98154
6.56, 0.981291
6.57, 0.981048
6.58, 0.980808
6.59, 0.980573
6.6, 0.980342
6.61, 0.980115
6.62, 0.979892
6.63, 0.979674
6.64, 0.97946
6.65, 0.97925
6.66, 0.979044
6.67, 0.978842
6.68, 0.978645
6.69, 0.978451
6.7, 0.978262
6.71, 0.978077
6.72, 0.977895
6.73, 0.977718
6.74, 0.977545
6.75, 0.977375
6.76, 0.97721
6.77, 0.977048
6.78, 0.976891
6.79, 0.976737
6.8, 0.976587
6.81, 0.976441
6.82, 0.976299
6.83, 0.97616
6.84, 0.976025
6.85, 0.975894
6.86, 0.975767
6.87, 0.975643
6.88, 0.975523
6.89, 0.975407
6.9, 0.975294
6.91, 0.975185
6.92, 0.975079
6.93, 0.974977
6.94, 0.974878
6.95, 0.974783
6.96, 0.974692
6.97, 0.974603
6.98, 0.974519
6.99, 0.974437
7, 0.974359
7.01, 0.974284
7.02, 0.974213
7.03, 0.974145
7.04, 0.97408
7.05, 0.974018
7.06, 0.973959
7.07, 0.973904
7.08, 0.973852
7.09, 0.973803
7.1, 0.973757
7.11, 0.973714
7.12, 0.973674
7.13, 0.973637
7.14, 0.973603
7.15, 0.973572
7.16, 0.973544
7.17, 0.973519
7.18, 0.973497
7.19, 0.973478
7.2, 0.973461
7.21, 0.973448
7.22, 0.973437
7.23, 0.973429
7.24, 0.973423
7.25, 0.97342
7.26, 0.97342
7.27, 0.973423
7.28, 0.973428
7.29, 0.973436
7.3, 0.973446
7.31, 0.973459
7.32, 0.973475
7.33, 0.973493
7.34, 0.973513
7.35, 0.973536
7.36, 0.973561
7.37, 0.973589
7.38, 0.973618
7.39, 0.973651
7.4, 0.973685
7.41, 0.973722
7.42, 0.973761
7.43, 0.973803
7.44, 0.973846
7.45, 0.973892
7.46, 0.97394
7.47, 0.973989
7.48, 0.974041
7.49, 0.974096
7.5, 0.974152
7.51, 0.97421
7.52, 0.97427
7.53, 0.974332
7.54, 0.974396
7.55, 0.974462
7.56, 0.97453
7.57, 0.9746
7.58, 0.974671
7.59, 0.974744
7.6, 0.97482
7.61, 0.974896
7.62, 0.974975
7.63, 0.975055
7.64, 0.975137
7.65, 0.975221
7.66, 0.975306
7.67, 0.975393
7.68, 0.975482
7.69, 0.975572
7.7, 0.975663
7.71, 0.975756
7.72, 0.975851
7.73, 0.975947
7.74, 0.976044
7.75, 0.976143
7.76, 0.976243
7.77, 0.976345
7.78, 0.976448
7.79, 0.976552
7.8, 0.976658
7.81, 0.976765
7.82, 0.976873
7.83, 0.976982
7.84, 0.977093
7.85, 0.977205
7.86, 0.977317
7.87, 0.977431
7.88, 0.977547
7.89, 0.977663
7.9, 0.97778
7.91, 0.977898
7.92, 0.978018
7.93, 0.978138
7.94, 0.978259
7.95, 0.978382
7.96, 0.978505
7.97, 0.978629
7.98, 0.978754
7.99, 0.97888
8, 0.979007
8.01, 0.979134
8.02, 0.979263
8.03, 0.979392
8.04, 0.979522
8.05, 0.979652
8.06, 0.979784
8.07, 0.979916
8.08, 0.980049
8.09, 0.980182
8.1, 0.980316
8.11, 0.980451
8.12, 0.980586
8.13, 0.980722
8.14, 0.980858
8.15, 0.980995
8.16, 0.981133
8.17, 0.981271
8.18, 0.98141
8.19, 0.981549
8.2, 0.981688
8.21, 0.981828
8.22, 0.981968
8.23, 0.982109
8.24, 0.98225
8.25, 0.982392
8.26, 0.982533
8.27, 0.982675
8.28, 0.982818
8.29, 0.982961
8.3, 0.983104
8.31, 0.983247
8.32, 0.98339
8.33, 0.983534
8.34, 0.983678
8.35, 0.983822
8.36, 0.983967
8.37, 0.984111
8.38, 0.984256
8.39, 0.9844
8.4, 0.984545
8.41, 0.98469
8.42, 0.984835
8.43, 0.98498
8.44, 0.985125
8.45, 0.985271
8.46, 0.985416
8.47, 0.985561
8.48, 0.985706
8.49, 0.985851
8.5, 0.985996
8.51, 0.986142
8.52, 0.986287
8.53, 0.986431
8.54, 0.986576
8.55, 0.986721
8.56, 0.986866
8.57, 0.98701
8.58, 0.987155
8.59, 0.987299
8.6, 0.987443
8.61, 0.987587
8.62, 0.98773
8.63, 0.987874
8.64, 0.988017
8.65, 0.98816
8.66, 0.988303
8.67, 0.988445
8.68, 0.988587
8.69, 0.988729
8.7, 0.988871
8.71, 0.989012
8.72, 0.989153
8.73, 0.989294
8.74, 0.989434
8.75, 0.989574
8.76, 0.989714
8.77, 0.989853
8.78, 0.989992
8.79, 0.990131
8.8, 0.990269
8.81, 0.990407
8.82, 0.990544
8.83, 0.990681
8.84, 0.990817
8.85, 0.990953
8.86, 0.991089
8.87, 0.991224
8.88, 0.991359
8.89, 0.991493
8.9, 0.991626
8.91, 0.991759
8.92, 0.991892
8.93, 0.992024
8.94, 0.992156
8.95, 0.992287
8.96, 0.992418
8.97, 0.992548
8.98, 0.992677
8.99, 0.992806
9, 0.992934
9.01, 0.993062
9.02, 0.993189
9.03, 0.993316
9.04, 0.993442
9.05, 0.993567
9.06, 0.993692
9.07, 0.993816
9.08, 0.99394
9.09, 0.994063
9.1, 0.994185
9.11, 0.994307
9.12, 0.994428
9.13, 0.994548
9.14, 0.994668
9.15, 0.994787
9.16, 0.994905
9.17, 0.995023
9.18, 0.99514
9.19, 0.995256
9.2, 0.995372
9.21, 0.995487
9.22, 0.995601
9.23, 0.995715
9.24, 0.995828
9.25, 0.99594
9.26, 0.996051
9.27, 0.996162
9.28, 0.996272
9.29, 0.996381
9.3, 0.99649
9.31, 0.996598
9.32, 0.996705
9.33, 0.996811
9.34, 0.996917
9.35, 0.997022
9.36, 0.997126
9.37, 0.997229
9.38, 0.997332
9.39, 0.997434
9.4, 0.997535
9.41, 0.997635
9.42, 0.997735
9.43, 0.997834
9.44, 0.997932
9.45, 0.998029
9.46, 0.998125
9.47, 0.998221
9.48, 0.998316
9.49, 0.99841
9.5, 0.998504
9.51, 0.998596
9.52, 0.998688
9.53, 0.998779
9.54, 0.99887
9.55, 0.998959
9.56, 0.999048
9.57, 0.999136
9.58, 0.999223
9.59, 0.999309
9.6, 0.999395
9.61, 0.999479
9.62, 0.999563
9.63, 0.999647
9.64, 0.999729
9.65, 0.999811
9.66, 0.999891
9.67, 0.999971
9.68, 1.00005
9.69, 1.00013
9.7, 1.00021
9.71, 1.00028
9.72, 1.00036
9.73, 1.00043
9.74, 1.00051
9.75, 1.00058
9.76, 1.00066
9.77, 1.00073
9.78, 1.0008
9.79, 1.00087
9.8, 1.00094
9.81, 1.00101
9.82, 1.00108
9.83, 1.00114
9.84, 1.00121
9.85, 1.00128
9.86, 1.00134
9.87, 1.00141
9.88, 1.00147
9.89, 1.00153
9.9, 1.00159
9.91, 1.00165
9.92, 1.00171
9.93, 1.00177
9.94, 1.00183
9.95, 1.00189
9.96, 1.00195
9.97, 1.00201
9.98, 1.00206
9.99, 1.00212
10, 1.00217
10.01, 1.00222
10.02, 1.00228
10.03, 1.00233
10.04, 1.00238
10.05, 1.00243
10.06, 1.00248
10.07, 1.00253
10.08, 1.00258
10.09, 1.00262
10.1, 1.00267
10.11, 1.00272
10.12, 1.00276
10.13, 1.00281
10.14, 1.00285
10.15, 1.00289
10.16, 1.00294
10.17, 1.00298
10.18, 1.00302
10.19, 1.00306
10.2, 1.0031
10.21, 1.00314
10.22, 1.00318
10.23, 1.00321
10.24, 1.00325
10.25, 1.00329
10.26, 1.00332
10.27, 1.00336
10.28, 1.00339
10.29, 1.00342
10.3, 1.00346
10.31, 1.00349
10.32, 1.00352
10.33, 1.00355
10.34, 1.00358
10.35, 1.00361
10.36, 1.00364
10.37, 1.00367
10.38, 1.0037
10.39, 1.00372
10.4, 1.00375
10.41, 1.00377
10.42, 1.0038
10.43, 1.00382
10.44, 1.00385
10.45, 1.00387
10.46, 1.00389
10.47, 1.00391
10.48, 1.00394
10.49, 1.00396
10.5, 1.00398
10.51, 1.004
10.52, 1.00401
10.53, 1.00403
10.54, 1.00405
10.55, 1.00407
10.56, 1.00408
10.57, 1.0041
10.58, 1.00411
10.59, 1.00413
10.6, 1.00414
10.61, 1.00416
10.62, 1.00417
10.63, 1.00418
10.64, 1.0042
10.65, 1.00421
10.66, 1.00422
10.67, 1.00423
10.68, 1.00424
10.69, 1.00425
10.7, 1.00426
10.71, 1.00427
10.72, 1.00427
10.73, 1.00428
10.74, 1.00429
10.75, 1.00429
10.76, 1.0043
10.77, 1.0043
10.78, 1.00431
10.79, 1.00431
10.8, 1.00432
10.81, 1.00432
10.82, 1.00432
10.83, 1.00433
10.84, 1.00433
10.85, 1.00433
10.86, 1.00433
10.87, 1.00433
10.88, 1.00433
10.89, 1.00433
10.9, 1.00433
10.91, 1.00433
10.92, 1.00433
10.93, 1.00433
10.94, 1.00433
10.95, 1.00432
10.96, 1.00432
10.97, 1.00432
10.98, 1.00431
10.99, 1.00431
11, 1.0043
11.01, 1.0043
11.02, 1.00429
11.03, 1.00429
11.04, 1.00428
11.05, 1.00428
11.06, 1.00427
11.07, 1.00426
11.08, 1.00425
11.09, 1.00425
11.1, 1.00424
11.11, 1.00423
11.12, 1.00422
11.13, 1.00421
11.14, 1.0042
11.15, 1.00419
11.16, 1.00418
11.17, 1.00417
11.18, 1.00416
11.19, 1.00415
11.2, 1.00414
11.21, 1.00413
11.22, 1.00411
11.23, 1.0041
11.24, 1.00409
11.25, 1.00408
11.26, 1.00406
11.27, 1.00405
11.28, 1.00404
11.29, 1.00402
11.3, 1.00401
11.31, 1.00399
11.32, 1.00398
11.33, 1.00396
11.34, 1.00395
11.35, 1.00393
11.36, 1.00392
11.37, 1.0039
11.38, 1.00389
11.39, 1.00387
11.4, 1.00385
11.41, 1.00384
11.42, 1.00382
11.43, 1.0038
11.44, 1.00378
11.45, 1.00377
11.46, 1.00375
11.47, 1.00373
11.48, 1.00371
11.49, 1.00369
11.5, 1.00367
11.51, 1.00366
11.52, 1.00364
11.53, 1.00362
11.54, 1.0036
11.55, 1.00358
11.56, 1.00356
11.57, 1.00354
11.58, 1.00352
11.59, 1.0035
11.6, 1.00348
11.61, 1.00346
11.62, 1.00344
11.63, 1.00342
11.64, 1.0034
11.65, 1.00338
11.66, 1.00335
11.67, 1.00333
11.68, 1.00331
11.69, 1.00329
11.7, 1.00327
11.71, 1.00325
11.72, 1.00323
11.73, 1.0032
11.74, 1.00318
11.75, 1.00316
11.76, 1.00314
11.77, 1.00312
11.78, 1.00309
11.79, 1.00307
11.8, 1.00305
11.81, 1.00303
11.82, 1.003
11.83, 1.00298
11.84, 1.00296
11.85, 1.00293
11.86, 1.00291
11.87, 1.00289
11.88, 1.00287
11.89, 1.00284
11.9, 1.00282
11.91, 1.0028
11.92, 1.00277
11.93, 1.00275
11.94, 1.00273
11.95, 1.0027
11.96, 1.00268
11.97, 1.00266
11.98, 1.00263
11.99, 1.00261
12, 1.00258
12.01, 1.00256
12.02, 1.00254
12.03, 1.00251
12.04, 1.00249
12.05, 1.00247
12.06, 1.00244
12.07, 1.00242
12.08, 1.0024
12.09, 1.00237
12.1, 1.00235
12.11, 1.00232
12.12, 1.0023
12.13, 1.00228
12.14, 1.00225
12.15, 1.00223
12.16, 1.00221
12.17, 1.00218
12.18, 1.00216
12.19, 1.00214
12.2, 1.00211
12.21, 1.00209
12.22, 1.00207
12.23, 1.00204
12.24, 1.00202
12.25, 1.00199
12.26, 1.00197
12.27, 1.00195
12.28, 1.00192
12.29, 1.0019
12.3, 1.00188
12.31, 1.00186
12.32, 1.00183
12.33, 1.00181
12.34, 1.00179
12.35, 1.00176
12.36, 1.00174
12.37, 1.00172
12.38, 1.00169
12.39, 1.00167
12.4, 1.00165
12.41, 1.00163
12.42, 1.0016
12.43, 1.00158
12.44, 1.00156
12.45, 1.00154
12.46, 1.00151
12.47, 1.00149
12.48, 1.00147
12.49, 1.00145
12.5, 1.00143
12.51, 1.0014
12.52, 1.00138
12.53, 1.00136
12.54, 1.00134
12.55, 1.00132
12.56, 1.0013
12.57, 1.00127
12.58, 1.00125
12.59, 1.00123
12.6, 1.00121
12.61, 1.00119
12.62, 1.00117
12.63, 1.00115
12.64, 1.00113
12.65, 1.00111
12.66, 1.00108
12.67, 1.00106
12.68, 1.00104
12.69, 1.00102
12.7, 1.001
12.71, 1.00098
12.72, 1.00096
12.73, 1.00094
12.74, 1.00092
12.75, 1.0009
12.76, 1.00088
12.77, 1.00086
12.78, 1.00085
12.79, 1.00083
12.8, 1.00081
12.81, 1.00079
12.82, 1.00077
12.83, 1.00075
12.84, 1.00073
12.85, 1.00071
12.86, 1.00069
12.87, 1.00068
12.88, 1.00066
12.89, 1.00064
12.9, 1.00062
12.91, 1.0006
12.92, 1.00059
12.93, 1.00057
12.94, 1.00055
12.95, 1.00053
12.96, 1.00052
12.97, 1.0005
12.98, 1.00048
12.99, 1.00046
13, 1.00045
13.01, 1.00043
13.02, 1.00041
13.03, 1.0004
13.04, 1.00038
13.05, 1.00037
13.06, 1.00035
13.07, 1.00033
13.08, 1.00032
13.09, 1.0003
13.1, 1.00029
13.11, 1.00027
13.12, 1.00026
13.13, 1.00024
13.14, 1.00023
13.15, 1.00021
13.16, 1.0002
13.17, 1.00018
13.18, 1.00017
13.19, 1.00015
13.2, 1.00014
13.21, 1.00012
13.22, 1.00011
13.23, 1.0001
13.24, 1.00008
13.25, 1.00007
13.26, 1.00005
13.27, 1.00004
13.28, 1.00003
13.29, 1.00001
13.3, 1
13.31, 0.999989
13.32, 0.999976
13.33, 0.999963
13.34, 0.999951
13.35, 0.999938
13.36, 0.999926
13.37, 0.999914
13.38, 0.999902
13.39, 0.99989
13.4, 0.999879
13.41, 0.999867
13.42, 0.999855
13.43, 0.999844
13.44, 0.999833
13.45, 0.999822
13.46, 0.999811
13.47, 0.9998
13.48, 0.999789
13.49, 0.999779
13.5, 0.999768
13.51, 0.999758
13.52, 0.999748
13.53, 0.999738
13.54, 0.999728
13.55, 0.999718
13.56, 0.999708
13.57, 0.999699
13.58, 0.999689
13.59, 0.99968
13.6, 0.999671
13.61, 0.999662
13.62, 0.999653
13.63, 0.999644
13.64, 0.999635
13.65, 0.999627
13.66, 0.999618
13.67, 0.99961
13.68, 0.999602
13.69, 0.999594
13.7, 0.999586
13.71, 0.999578
13.72, 0.99957
13.73, 0.999563
13.74, 0.999555
13.75, 0.999548
13.76, 0.999541
13.77, 0.999533
13.78, 0.999526
13.79, 0.99952
13.8, 0.999513
13.81, 0.999506
13.82, 0.9995
13.83, 0.999493
13.84, 0.999487
13.85, 0.999481
13.86, 0.999475
13.87, 0.999469
13.88, 0.999463
13.89, 0.999457
13.9, 0.999451
13.91, 0.999446
13.92, 0.99944
13.93, 0.999435
13.94, 0.99943
13.95, 0.999425
13.96, 0.99942
13.97, 0.999415
13.98, 0.99941
13.99, 0.999406
14, 0.999401
14.01, 0.999397
14.02, 0.999392
14.03, 0.999388
14.04, 0.999384
14.05, 0.99938
14.06, 0.999376
14.07, 0.999372
14.08, 0.999368
14.09, 0.999365
14.1, 0.999361
14.11, 0.999358
14.12, 0.999354
14.13, 0.999351
14.14, 0.999348
14.15, 0.999345
14.16, 0.999342
14.17, 0.999339
14.18, 0.999336
14.19, 0.999334
14.2, 0.999331
14.21, 0.999329
14.22, 0.999326
14.23, 0.999324
14.24, 0.999322
14.25, 0.99932
14.26, 0.999317
14.27, 0.999316
14.28, 0.999314
14.29, 0.999312
14.3, 0.99931
14.31, 0.999309
14.32, 0.999307
14.33, 0.999306
14.34, 0.999304
14.35, 0.999303
14.36, 0.999302
14.37, 0.999301
14.38, 0.9993
14.39, 0.999299
14.4, 0.999298
14.41, 0.999297
14.42, 0.999296
14.43, 0.999296
14.44, 0.999295
14.45, 0.999295
14.46, 0.999294
14.47, 0.999294
14.48, 0.999294
14.49, 0.999294
14.5, 0.999294
14.51, 0.999294
14.52, 0.999294
14.53, 0.999294
14.54, 0.999294
14.55, 0.999294
14.56, 0.999294
14.57, 0.999295
14.58, 0.999295
14.59, 0.999296
14.6, 0.999296
14.61, 0.999297
14.62, 0.999298
14.63, 0.999298
14.64, 0.999299
14.65, 0.9993
14.66, 0.999301
14.67, 0.999302
14.68, 0.999303
14.69, 0.999304
14.7, 0.999305
14.71, 0.999307
14.72, 0.999308
14.73, 0.999309
14.74, 0.999311
14.75, 0.999312
14.76, 0.999314
14.77, 0.999315
14.78, 0.999317
14.79, 0.999319
14.8, 0.99932
14.81, 0.999322
14.82, 0.999324
14.83, 0.999326
14.84, 0.999328
14.85, 0.99933
14.86, 0.999332
14.87, 0.999334
14.88, 0.999336
14.89, 0.999338
14.9, 0.99934
14.91, 0.999342
14.92, 0.999345
14.93, 0.999347
14.94, 0.999349
14.95, 0.999352
14.96, 0.999354
14.97, 0.999357
14.98, 0.999359
14.99, 0.999362
15, 0.999365
15.01, 0.999367
15.02, 0.99937
15.03, 0.999373
15.04, 0.999375
15.05, 0.999378
15.06, 0.999381
15.07, 0.999384
15.08, 0.999387
15.09, 0.99939
15.1, 0.999393
15.11, 0.999396
15.12, 0.999399
15.13, 0.999402
15.14, 0.999405
15.15, 0.999408
15.16, 0.999411
15.17, 0.999414
15.18, 0.999417
15.19, 0.99942
15.2, 0.999424
15.21, 0.999427
15.22, 0.99943
15.23, 0.999434
15.24, 0.999437
15.25, 0.99944
15.26, 0.999444
15.27, 0.999447
15.28, 0.99945
15.29, 0.999454
15.3, 0.999457
15.31, 0.999461
15.32, 0.999464
15.33, 0.999468
15.34, 0.999471
15.35, 0.999475
15.36, 0.999479
15.37, 0.999482
15.38, 0.999486
15.39, 0.999489
15.4, 0.999493
15.41, 0.999497
15.42, 0.9995
15.43, 0.999504
15.44, 0.999508
15.45, 0.999511
15.46, 0.999515
15.47, 0.999519
15.48, 0.999523
15.49, 0.999526
15.5, 0.99953
15.51, 0.999534
15.52, 0.999538
15.53, 0.999541
15.54, 0.999545
15.55, 0.999549
15.56, 0.999553
15.57, 0.999557
15.58, 0.99956
15.59, 0.999564
15.6, 0.999568
15.61, 0.999572
15.62, 0.999576
15.63, 0.99958
15.64, 0.999583
15.65, 0.999587
15.66, 0.999591
15.67, 0.999595
15.68, 0.999599
15.69, 0.999603
15.7, 0.999606
15.71, 0.99961
15.72, 0.999614
15.73, 0.999618
15.74, 0.999622
15.75, 0.999626
15.76, 0.99963
15.77, 0.999633
15.78, 0.999637
15.79, 0.999641
15.8, 0.999645
15.81, 0.999649
15.82, 0.999653
15.83, 0.999657
15.84, 0.99966
15.85, 0.999664
15.86, 0.999668
15.87, 0.999672
15.88, 0.999676
15.89, 0.99968
15.9, 0.999683
15.91, 0.999687
15.92, 0.999691
15.93, 0.999695
15.94, 0.999698
15.95, 0.999702
15.96, 0.999706
15.97, 0.99971
15.98, 0.999713
15.99, 0.999717
16, 0.999721
16.01, 0.999725
16.02, 0.999728
16.03, 0.999732
16.04, 0.999736
16.05, 0.999739
16.06, 0.999743
16.07, 0.999747
16.08, 0.99975
16.09, 0.999754
16.1, 0.999758
16.11, 0.999761
16.12, 0.999765
16.13, 0.999768
16.14, 0.999772
16.15, 0.999776
16.16, 0.999779
16.17, 0.999783
16.18, 0.999786
16.19, 0.99979
16.2, 0.999793
16.21, 0.999797
16.22, 0.9998
16.23, 0.999804
16.24, 0.999807
16.25, 0.99981
16.26, 0.999814
16.27, 0.999817
16.28, 0.999821
16.29, 0.999824
16.3, 0.999827
16.31, 0.999831
16.32, 0.999834
16.33, 0.999837
16.34, 0.99984
16.35, 0.999844
16.36, 0.999847
16.37, 0.99985
16.38, 0.999853
16.39, 0.999857
16.4, 0.99986
16.41, 0.999863
16.42, 0.999866
16.43, 0.999869
16.44, 0.999872
16.45, 0.999875
16.46, 0.999878
16.47, 0.999882
16.48, 0.999885
16.49, 0.999888
16.5, 0.999891
16.51, 0.999894
16.52, 0.999896
16.53, 0.999899
16.54, 0.999902
16.55, 0.999905
16.56, 0.999908
16.57, 0.999911
16.58, 0.999914
16.59, 0.999917
16.6, 0.999919
16.61, 0.999922
16.62, 0.999925
16.63, 0.999928
16.64, 0.99993
16.65, 0.999933
16.66, 0.999936
16.67, 0.999938
16.68, 0.999941
16.69, 0.999944
16.7, 0.999946
16.71, 0.999949
16.72, 0.999951
16.73, 0.999954
16.74, 0.999956
16.75, 0.999959
16.76, 0.999961
16.77, 0.999964
16.78, 0.999966
16.79, 0.999969
16.8, 0.999971
16.81, 0.999973
16.82, 0.999976
16.83, 0.999978
16.84, 0.99998
16.85, 0.999983
16.86, 0.999985
16.87, 0.999987
16.88, 0.999989
16.89, 0.999992
16.9, 0.999994
16.91, 0.999996
16.92, 0.999998
16.93, 1
16.94, 1
16.95, 1
16.96, 1.00001
16.97, 1.00001
16.98, 1.00001
16.99, 1.00001
17, 1.00001
17.01, 1.00002
17.02, 1.00002
17.03, 1.00002
17.04, 1.00002
17.05, 1.00002
17.06, 1.00003
17.07, 1.00003
17.08, 1.00003
17.09, 1.00003
17.1, 1.00003
17.11, 1.00003
17.12, 1.00004
17.13, 1.00004
17.14, 1.00004
17.15, 1.00004
17.16, 1.00004
17.17, 1.00004
17.18, 1.00005
17.19, 1.00005
17.2, 1.00005
17.21, 1.00005
17.22, 1.00005
17.23, 1.00005
17.24, 1.00006
17.25, 1.00006
17.26, 1.00006
17.27, 1.00006
17.28, 1.00006
17.29, 1.00006
17.3, 1.00006
17.31, 1.00007
17.32, 1.00007
17.33, 1.00007
17.34, 1.00007
17.35, 1.00007
17.36, 1.00007
17.37, 1.00007
17.38, 1.00007
17.39, 1.00008
17.4, 1.00008
17.41, 1.00008
17.42, 1.00008
17.43, 1.00008
17.44, 1.00008
17.45, 1.00008
17.46, 1.00008
17.47, 1.00008
17.48, 1.00008
17.49, 1.00009
17.5, 1.00009
17.51, 1.00009
17.52, 1.00009
17.53, 1.00009
17.54, 1.00009
17.55, 1.00009
17.56, 1.00009
17.57, 1.00009
17.58, 1.00009
17.59, 1.00009
17.6, 1.0001
17.61, 1.0001
17.62, 1.0001
17.63, 1.0001
17.64, 1.0001
17.65, 1.0001
17.66, 1.0001
17.67, 1.0001
17.68, 1.0001
17.69, 1.0001
17.7, 1.0001
17.71, 1.0001
17.72, 1.0001
17.73, 1.0001
17.74, 1.0001
17.75, 1.00011
17.76, 1.00011
17.77, 1.00011
17.78, 1.00011
17.79, 1.00011
17.8, 1.00011
17.81, 1.00011
17.82, 1.00011
17.83, 1.00011
17.84, 1.00011
17.85, 1.00011
17.86, 1.00011
17.87, 1.00011
17.88, 1.00011
17.89, 1.00011
17.9, 1.00011
17.91, 1.00011
17.92, 1.00011
17.93, 1.00011
17.94, 1.00011
17.95, 1.00011
17.96, 1.00011
17.97, 1.00011
17.98, 1.00011
17.99, 1.00011
18, 1.00011
18.01, 1.00011
18.02, 1.00011
18.03, 1.00011
18.04, 1.00011
18.05, 1.00011
18.06, 1.00011
18.07, 1.00011
18.08, 1.00011
18.09, 1.00012
18.1, 1.00012
18.11, 1.00012
18.12, 1.00012
18.13, 1.00012
18.14, 1.00012
18.15, 1.00012
18.16, 1.00012
18.17, 1.00012
18.18, 1.00012
18.19, 1.00012
18.2, 1.00011
18.21, 1.00011
18.22, 1.00011
18.23, 1.00011
18.24, 1.00011
18.25, 1.00011
18.26, 1.00011
18.27, 1.00011
18.28, 1.00011
18.29, 1.00011
18.3, 1.00011
18.31, 1.00011
18.32, 1.00011
18.33, 1.00011
18.34, 1.00011
18.35, 1.00011
18.36, 1.00011
18.37, 1.00011
18.38, 1.00011
18.39, 1.00011
18.4, 1.00011
18.41, 1.00011
18.42, 1.00011
18.43, 1.00011
18.44, 1.00011
18.45, 1.00011
18.46, 1.00011
18.47, 1.00011
18.48, 1.00011
18.49, 1.00011
18.5, 1.00011
18.51, 1.00011
18.52, 1.00011
18.53, 1.00011
18.54, 1.00011
18.55, 1.00011
18.56, 1.00011
18.57, 1.00011
18.58, 1.00011
18.59, 1.00011
18.6, 1.0001
18.61, 1.0001
18.62, 1.0001
18.63, 1.0001
18.64, 1.0001
18.65, 1.0001
18.66, 1.0001
18.67, 1.0001
18.68, 1.0001
18.69, 1.0001
18.7, 1.0001
18.71, 1.0001
18.72, 1.0001
18.73, 1.0001
18.74, 1.0001
18.75, 1.0001
18.76, 1.0001
18.77, 1.0001
18.78, 1.0001
18.79, 1.0001
18.8, 1.0001
18.81, 1.00009
18.82, 1.00009
18.83, 1.00009
18.84, 1.00009
18.85, 1.00009
18.86, 1.00009
18.87, 1.00009
18.88, 1.00009
18.89, 1.00009
18.9, 1.00009
18.91, 1.00009
18.92, 1.00009
18.93, 1.00009
18.94, 1.00009
18.95, 1.00009
18.96, 1.00009
18.97, 1.00009
18.98, 1.00009
18.99, 1.00008
19, 1.00008
19.01, 1.00008
19.02, 1.00008
19.03, 1.00008
19.04, 1.00008
19.05, 1.00008
19.06, 1.00008
19.07, 1.00008
19.08, 1.00008
19.09, 1.00008
19.1, 1.00008
19.11, 1.00008
19.12, 1.00008
19.13, 1.00008
19.14, 1.00008
19.15, 1.00008
19.16, 1.00007
19.17, 1.00007
19.18, 1.00007
19.19, 1.00007
19.2, 1.00007
19.21, 1.00007
19.22, 1.00007
19.23, 1.00007
19.24, 1.00007
19.25, 1.00007
19.26, 1.00007
19.27, 1.00007
19.28, 1.00007
19.29, 1.00007
19.3, 1.00007
19.31, 1.00007
19.32, 1.00006
19.33, 1.00006
19.34, 1.00006
19.35, 1.00006
19.36, 1.00006
19.37, 1.00006
19.38, 1.00006
19.39, 1.00006
19.4, 1.00006
19.41, 1.00006
19.42, 1.00006
19.43, 1.00006
19.44, 1.00006
19.45, 1.00006
19.46, 1.00006
19.47, 1.00006
19.48, 1.00005
19.49, 1.00005
19.5, 1.00005
19.51, 1.00005
19.52, 1.00005
19.53, 1.00005
19.54, 1.00005
19.55, 1.00005
19.56, 1.00005
19.57, 1.00005
19.58, 1.00005
19.59, 1.00005
19.6, 1.00005
19.61, 1.00005
19.62, 1.00005
19.63, 1.00005
19.64, 1.00004
19.65, 1.00004
19.66, 1.00004
19.67, 1.00004
19.68, 1.00004
19.69, 1.00004
19.7, 1.00004
19.71, 1.00004
19.72, 1.00004
19.73, 1.00004
19.74, 1.00004
19.75, 1.00004
19.76, 1.00004
19.77, 1.00004
19.78, 1.00004
19.79, 1.00004
19.8, 1.00004
19.81, 1.00003
19.82, 1.00003
19.83, 1.00003
19.84, 1.00003
19.85, 1.00003
19.86, 1.00003
19.87, 1.00003
19.88, 1.00003
19.89, 1.00003
19.9, 1.00003
19.91, 1.00003
19.92, 1.00003
19.93, 1.00003
19.94, 1.00003
19.95, 1.00003
19.96, 1.00003
19.97, 1.00003
19.98, 1.00003
19.99, 1.00002

